{"stats":{"minecraft:custom":{"minecraft:time_since_rest":14504653,"minecraft:inspect_dropper":3,"minecraft:sprint_one_cm":160088,"minecraft:damage_taken":280,"minecraft:walk_one_cm":566433,"minecraft:mob_kills":1,"minecraft:drop":7,"minecraft:inspect_hopper":1,"minecraft:damage_dealt":230,"minecraft:fly_one_cm":37003114,"minecraft:open_barrel":1,"minecraft:crouch_one_cm":3070,"minecraft:play_time":14717161,"minecraft:deaths":1,"minecraft:sneak_time":813719,"minecraft:jump":882,"minecraft:leave_game":49,"minecraft:time_since_death":14504598,"minecraft:total_world_time":18585554},"minecraft:killed":{"minecraft:donkey":1},"minecraft:used":{"minecraft:redstone_torch":428,"minecraft:sticky_piston":3,"minecraft:glass":1692,"minecraft:piston":2,"minecraft:wooden_axe":3,"minecraft:lever":348,"minecraft:black_wool":6,"minecraft:dropper":6,"minecraft:red_wool":31,"minecraft:iron_block":46,"minecraft:redstone":3832,"minecraft:lime_wool":10,"minecraft:stone_button":195,"minecraft:oak_sign":53,"minecraft:blue_wool":10380,"minecraft:silverfish_spawn_egg":1,"minecraft:donkey_spawn_egg":1,"minecraft:sandstone":54,"minecraft:redstone_block":813,"minecraft:magenta_stained_glass":7,"minecraft:yellow_wool":47,"minecraft:repeater":1832,"minecraft:redstone_lamp":640,"minecraft:target":135,"minecraft:comparator":159,"minecraft:magenta_wool":1075,"minecraft:iron_trapdoor":1,"minecraft:hopper":3,"minecraft:lime_stained_glass":17,"minecraft:light_blue_wool":2720,"minecraft:gold_block":7,"minecraft:orange_wool":9,"minecraft:cyan_wool":11,"minecraft:purple_wool":83,"minecraft:cyan_stained_glass":203},"minecraft:picked_up":{"minecraft:wooden_axe":2,"minecraft:target":1,"minecraft:stone_button":3,"minecraft:redstone":1},"minecraft:dropped":{"minecraft:stone_button":3,"minecraft:wooden_axe":2,"minecraft:redstone":1,"minecraft:target":1}},"DataVersion":2975}